{
    "studys_words_array": [
        {
            "en": "apple",
            "cn": "苹果"
        },
        {
            "en": "pear",
            "cn": "梨"
        },
        {
            "en": "peach",
            "cn": "桃子"
        },
        {
            "en": "banana",
            "cn": "香蕉"
        },
        {
            "en": "watermelon",
            "cn": "西瓜"
        },
        {
            "en": "mango",
            "cn": "芒果"
        },
        {
            "en": "lemon",
            "cn": "柠檬"
        },
        {
            "en": "grapes",
            "cn": "葡萄"
        },
        {
            "en": "strawberry",
            "cn": "草莓"
        },
        {
            "en": "pineapple",
            "cn": "菠萝"
        },
        {
            "en": "kiwi",
            "cn": "猕猴桃"
        },
        {
            "en": "cherry",
            "cn": "樱桃"
        },
        {
            "en": "orange",
            "cn": "桔子"
        },
        {
            "en": "tomato",
            "cn": "西红柿"
        },
        {
            "en": "potato",
            "cn": "土豆"
        },
        {
            "en": "peas",
            "cn": "豌豆"
        },
        {
            "en": "beans",
            "cn": "扁豆"
        },
        {
            "en": "cabbage",
            "cn": "卷心菜"
        },
        {
            "en": "onion",
            "cn": "洋葱"
        },
        {
            "en": "pepper",
            "cn": "辣椒"
        },
        {
            "en": "cucumber",
            "cn": "黄瓜"
        },
        {
            "en": "carrot",
            "cn": "胡萝卜"
        },
        {
            "en": "lettuce",
            "cn": "生菜"
        },
        {
            "en": "eggplant",
            "cn": "茄子"
        },
        {
            "en": "cauliflower",
            "cn": "菜花"
        },
        {
            "en": "mushroom",
            "cn": "蘑菇"
        },
        {
            "en": "celery",
            "cn": "芹菜"
        },
        {
            "en": "spinach",
            "cn": "菠菜"
        },
        {
            "en": "pumpkin",
            "cn": "南瓜"
        },
        {
            "en": "salad",
            "cn": "沙拉"
        },
        {
            "en": "honey",
            "cn": "蜂蜜"
        },
        {
            "en": "fish",
            "cn": "鱼"
        },
        {
            "en": "meat",
            "cn": "肉"
        },
        {
            "en": "jelly",
            "cn": "果冻"
        },
        {
            "en": "chocolate",
            "cn": "巧克力"
        },
        {
            "en": "egg",
            "cn": "鸡蛋"
        },
        {
            "en": "chicken",
            "cn": "鸡肉"
        },
        {
            "en": "bread",
            "cn": "面包"
        },
        {
            "en": "candy",
            "cn": "糖果"
        },
        {
            "en": "noodles",
            "cn": "面条"
        },
        {
            "en": "pizza",
            "cn": "披萨"
        },
        {
            "en": "pie",
            "cn": "派"
        },
        {
            "en": "cake",
            "cn": "蛋糕"
        },
        {
            "en": "cookies",
            "cn": "饼干"
        },
        {
            "en": "sausage",
            "cn": "香肠"
        },
        {
            "en": "sandwich",
            "cn": "三明治"
        },
        {
            "en": "dumpling",
            "cn": "饺子"
        },
        {
            "en": "rice",
            "cn": "米饭"
        },
        {
            "en": "shrimp",
            "cn": "虾"
        },
        {
            "en": "corn",
            "cn": "玉米"
        },
        {
            "en": "coffee",
            "cn": "咖啡"
        },
        {
            "en": "tea",
            "cn": "茶"
        },
        {
            "en": "beer",
            "cn": "啤酒"
        },
        {
            "en": "milk",
            "cn": "牛奶"
        },
        {
            "en": "water",
            "cn": "水"
        },
        {
            "en": "cola",
            "cn": "可乐"
        },
        {
            "en": "yogurt",
            "cn": "酸奶"
        },
        {
            "en": "juice",
            "cn": "果汁"
        },
        {
            "en": "bus",
            "cn": "公共汽车"
        },
        {
            "en": "taxi",
            "cn": "出租车"
        },
        {
            "en": "bicycle",
            "cn": "自行车"
        },
        {
            "en": "helicopter",
            "cn": "直升飞机"
        },
        {
            "en": "car",
            "cn": "小汽车"
        },
        {
            "en": "van",
            "cn": "厢式货车"
        },
        {
            "en": "motorcycle",
            "cn": "摩托车"
        },
        {
            "en": "boat",
            "cn": "小船"
        },
        {
            "en": "train",
            "cn": "火车"
        },
        {
            "en": "plane",
            "cn": "飞机"
        },
        {
            "en": "truck",
            "cn": "卡车"
        },
        {
            "en": "jeep",
            "cn": "吉普车"
        },
        {
            "en": "tricycle",
            "cn": "三轮车"
        },
        {
            "en": "ambulance",
            "cn": "救护车"
        },
        {
            "en": "digger",
            "cn": "挖土机"
        },
        {
            "en": "ship",
            "cn": "轮船"
        },
        {
            "en": "subway",
            "cn": "地铁"
        },
        {
            "en": "troller",
            "cn": "电车"
        },
        {
            "en": "submarine",
            "cn": "潜水艇"
        },
        {
            "en": "tractor",
            "cn": "拖拉机"
        },
        {
            "en": "one",
            "cn": "1"
        },
        {
            "en": "two",
            "cn": "2"
        },
        {
            "en": "three",
            "cn": "3"
        },
        {
            "en": "four",
            "cn": "4"
        },
        {
            "en": "five",
            "cn": "5"
        },
        {
            "en": "six",
            "cn": "6"
        },
        {
            "en": "seven",
            "cn": "7"
        },
        {
            "en": "eight",
            "cn": "8"
        },
        {
            "en": "nine",
            "cn": "9"
        },
        {
            "en": "ten",
            "cn": "10"
        },
        {
            "en": "eleven",
            "cn": "11"
        },
        {
            "en": "twelve",
            "cn": "12"
        },
        {
            "en": "thirteen",
            "cn": "13"
        },
        {
            "en": "fourteen",
            "cn": "14"
        },
        {
            "en": "fifteen",
            "cn": "15"
        },
        {
            "en": "sixteen",
            "cn": "16"
        },
        {
            "en": "seventeen",
            "cn": "17"
        },
        {
            "en": "eighteen",
            "cn": "18"
        },
        {
            "en": "nineteen",
            "cn": "19"
        },
        {
            "en": "twenty",
            "cn": "20"
        },
        {
            "en": "thirty",
            "cn": "30"
        },
        {
            "en": "forty",
            "cn": "40"
        },
        {
            "en": "fifty",
            "cn": "50"
        },
        {
            "en": "sixty",
            "cn": "60"
        },
        {
            "en": "seventy",
            "cn": "70"
        },
        {
            "en": "eighty",
            "cn": "80"
        },
        {
            "en": "ninety",
            "cn": "90"
        },
        {
            "en": "hundred",
            "cn": "100"
        },
        {
            "en": "yellow",
            "cn": "黄色"
        },
        {
            "en": "green",
            "cn": "绿色"
        },
        {
            "en": "blue",
            "cn": "蓝色"
        },
        {
            "en": "orange",
            "cn": "橙色"
        },
        {
            "en": "pink",
            "cn": "粉色"
        },
        {
            "en": "purple",
            "cn": "紫色"
        },
        {
            "en": "black",
            "cn": "黑色"
        },
        {
            "en": "white",
            "cn": "白色"
        },
        {
            "en": "brown",
            "cn": "棕色"
        },
        {
            "en": "gray",
            "cn": "灰色"
        },
        {
            "en": "square",
            "cn": "正方形"
        },
        {
            "en": "circle",
            "cn": "圆形"
        },
        {
            "en": "rectangle",
            "cn": "长方形"
        },
        {
            "en": "triangle",
            "cn": "三角形"
        },
        {
            "en": "heart",
            "cn": "心形"
        },
        {
            "en": "oval",
            "cn": "椭圆形"
        },
        {
            "en": "diamond",
            "cn": "菱形"
        },
        {
            "en": "trapezium",
            "cn": "梯形"
        },
        {
            "en": "hexagon",
            "cn": "六边形"
        },
        {
            "en": "pentagon",
            "cn": "五边形"
        },
        {
            "en": "teardrop",
            "cn": "水滴形"
        },
        {
            "en": "parallelogram",
            "cn": "平行四边形"
        },
        {
            "en": "sunday",
            "cn": "星期日"
        },
        {
            "en": "monday",
            "cn": "星期一"
        },
        {
            "en": "tuesday",
            "cn": "星期二"
        },
        {
            "en": "wednesday",
            "cn": "星期三"
        },
        {
            "en": "thursday",
            "cn": "星期四"
        },
        {
            "en": "friday",
            "cn": "星期五"
        },
        {
            "en": "saturday",
            "cn": "星期六"
        },
        {
            "en": "january",
            "cn": "一月"
        },
        {
            "en": "february",
            "cn": "二月"
        },
        {
            "en": "february",
            "cn": "三月"
        },
        {
            "en": "april",
            "cn": "四月"
        },
        {
            "en": "may",
            "cn": "五月"
        },
        {
            "en": "june",
            "cn": "六月"
        },
        {
            "en": "july",
            "cn": "七月"
        },
        {
            "en": "august",
            "cn": "八月"
        },
        {
            "en": "september",
            "cn": "九月"
        },
        {
            "en": "october",
            "cn": "十月"
        },
        {
            "en": "november",
            "cn": "十一月"
        },
        {
            "en": "december",
            "cn": "十二月"
        },
        {
            "en": "Christmas",
            "cn": "圣诞节"
        },
        {
            "en": "Easter",
            "cn": "复活节"
        },
        {
            "en": "Halleween",
            "cn": "万圣节"
        },
        {
            "en": "places",
            "cn": "地点"
        },
        {
            "en": "bookstore",
            "cn": "书店"
        },
        {
            "en": "zoo",
            "cn": "动物园"
        },
        {
            "en": "school",
            "cn": "学校"
        },
        {
            "en": "park",
            "cn": "公园"
        },
        {
            "en": "hospital",
            "cn": "医院"
        },
        {
            "en": "supermarket",
            "cn": "超市"
        },
        {
            "en": "cinema",
            "cn": "电影院"
        },
        {
            "en": "shop",
            "cn": "商店"
        },
        {
            "en": "hotel",
            "cn": "酒店"
        },
        {
            "en": "museum",
            "cn": "博物馆"
        },
        {
            "en": "bank",
            "cn": "银行"
        },
        {
            "en": "stadium",
            "cn": "体育馆"
        },
        {
            "en": "kindergarten",
            "cn": "幼儿园"
        },
        {
            "en": "dark",
            "cn": "黑暗的"
        },
        {
            "en": "big",
            "cn": "大的"
        },
        {
            "en": "wet",
            "cn": "湿的"
        },
        {
            "en": "long",
            "cn": "长的"
        },
        {
            "en": "few",
            "cn": "少的"
        },
        {
            "en": "tall",
            "cn": "高的"
        },
        {
            "en": "quick",
            "cn": "快的"
        },
        {
            "en": "soft",
            "cn": "软的"
        },
        {
            "en": "old",
            "cn": "年老的"
        },
        {
            "en": "empty",
            "cn": "空的"
        },
        {
            "en": "open",
            "cn": "打开"
        },
        {
            "en": "dirty",
            "cn": "脏的"
        },
        {
            "en": "front",
            "cn": "前面"
        },
        {
            "en": "high",
            "cn": "高"
        },
        {
            "en": "light",
            "cn": "明亮的"
        },
        {
            "en": "small",
            "cn": "小的"
        },
        {
            "en": "dry",
            "cn": "干的"
        },
        {
            "en": "short",
            "cn": "短的"
        },
        {
            "en": "many",
            "cn": "多的"
        },
        {
            "en": "short",
            "cn": "矮的"
        },
        {
            "en": "slow",
            "cn": "慢的"
        },
        {
            "en": "hard",
            "cn": "硬的"
        },
        {
            "en": "young",
            "cn": "年轻的"
        },
        {
            "en": "full",
            "cn": "满的"
        },
        {
            "en": "close",
            "cn": "关闭"
        },
        {
            "en": "thin",
            "cn": "瘦的"
        },
        {
            "en": "clean",
            "cn": "干净的"
        },
        {
            "en": "back",
            "cn": "后面"
        },
        {
            "en": "low",
            "cn": "低的"
        },
        {
            "en": "hop",
            "cn": "单脚跳"
        },
        {
            "en": "clap",
            "cn": "拍手"
        },
        {
            "en": "hair",
            "cn": "头发"
        },
        {
            "en": "eyebrow",
            "cn": "眉毛"
        },
        {
            "en": "eye",
            "cn": "眼睛"
        },
        {
            "en": "ear",
            "cn": "耳朵"
        },
        {
            "en": "face",
            "cn": "脸"
        },
        {
            "en": "nose",
            "cn": "鼻子"
        },
        {
            "en": "mouth",
            "cn": "嘴巴"
        },
        {
            "en": "chin",
            "cn": "下巴"
        },
        {
            "en": "neck",
            "cn": "脖子"
        },
        {
            "en": "shoulder",
            "cn": "肩膀"
        },
        {
            "en": "arm",
            "cn": "胳膊"
        },
        {
            "en": "hand",
            "cn": "手"
        },
        {
            "en": "knee",
            "cn": "膝盖"
        },
        {
            "en": "leg",
            "cn": "腿"
        },
        {
            "en": "foot",
            "cn": "脚"
        },
        {
            "en": "toe",
            "cn": "脚趾"
        },
        {
            "en": "driver",
            "cn": "司机"
        },
        {
            "en": "teacher",
            "cn": "教师"
        },
        {
            "en": "postman",
            "cn": "邮递员"
        },
        {
            "en": "dentist",
            "cn": "牙医"
        },
        {
            "en": "doctor",
            "cn": "医生"
        },
        {
            "en": "nurse",
            "cn": "护士"
        },
        {
            "en": "policeman",
            "cn": "警察"
        },
        {
            "en": "professor",
            "cn": "教授"
        },
        {
            "en": "farmer",
            "cn": "农民"
        },
        {
            "en": "worker",
            "cn": "工人"
        },
        {
            "en": "singer",
            "cn": "歌手"
        },
        {
            "en": "athlete",
            "cn": "运动员"
        },
        {
            "en": "lawyer",
            "cn": "律师"
        },
        {
            "en": "pilot",
            "cn": "飞行员"
        },
        {
            "en": "cook",
            "cn": "厨师"
        }
    ]
}