
{
	"level_speech_array":[
		"小朋友，欢迎进入龙猫宝宝的花园",
		"小朋友，欢迎进入长毛兔的农庄",
		"小朋友，欢迎进入布朗爷爷的动物园"
	],

	"story_open_door":[
		"小朋友，要找到5中颜色的花，才能让龙猫宝宝打开花园的门，才能跟它一起玩耍，小朋友现在我们来认识颜色吧"
	],

	"flower_color":[
		"跟我说红色的小花",
		"蓝色的小花",
		"绿色的小花",
		"紫色的小花",
		"黄色的小花",
		"白色的小花",
		"黑色的小花"
	],
	"tech_math":[
		"小朋友，我们来帮小蜜蜂运送花蜜，每次运送前，要算一算这次需要运送多少？"
	],
	"compliments":[
		"小朋友，你好棒！"
	],
	"encourage":[
		"小朋友，加油哦!"
	],
	"study_digital":[
		"小朋友，按录音按钮说气球上的数字就可以获得糖果哦！",
		"小朋友，你好像没说话哦，按录音按钮说气球上的数字就可以获得糖果哦！",
		"小朋友，你可以试试点点气球玩玩",
		"小朋友，加油哦",
		"小朋友，你真聪明",
		"小朋友，你真棒"
	],
	"network_tips":[
		"请链接网络"
	],
	"bird":[
		"小朋友，请告诉小鸟这个数字怎么读？",
		"小朋友，真棒，你答对了",
		"小朋友，你答错了，加油哦！这个数字是：%d",
		"小朋友，这个数字是：%d，学会了吗？",
		"小朋友，游戏结束了，这次你答对%d个，要继续努力哦！",
		"小朋友，请将数字%d移动到红色框框中",
		"小朋友，这次正确移动的数字应该是：%d"
	],
	"train":[
		"小朋友，将正确的数字移动到跳动的问号处，小火车就可以跑起来哦！",
		"小朋友，安装手指指向的方式，将正确的数字移动到问号处，小火车就可以跑起来哦",
		"小朋友，只有3次移动的机会，你已经移动3次了，要加油哦！正确移动的数字是：%d",
		"小鹏友，游戏结束了哦，这次你做对了%d道题，要加油哦！",
		"小鹏友，游戏结束了哦，你真棒！这次你做对了%d道题，继续努力哦！"
	],
	"letter":[
		"小朋友，你真棒，very good！",
		"",
		"小鹏友，游戏结束了哦，这次你移对了%d个，要加油哦！",
		"小鹏友，游戏结束了哦，你真棒！这次你移对了%d个，继续努力哦！"
	],
	"balloon":[
		"小朋友，游戏结束了，休息一会，可以继续游戏哦"
	]
}

